id,name,age,blood_group,gender,experience,designation,salary
1,"Sharif",NaN,"B+","male",1.5,"Jr Software Engineer",30000
2,"Kanan Mahmud",28,NaN,"Male",7.5,"Sr Software Engineer",80000
3,"Md. Shakil",27,"B-","Male",3.5,"Software Engineer",45000
4,"Imran Sheikh",25,"B-","Male",1.8,"Jr Software Engineer",30000
5,"Farsan Rashid",27,"O+","Male",4.2,"Software Engineer",55000
6,"Akib Jafor",25,NaN,"Male",0.6,"Jr Software Engineer",30000
7,"Kawser Munshi",27,NaN,"Male",3.6,"Software Engineer",55000
8,"Arnob",25,NaN,"Male",0.6,"Jr Software Engineer",30000
9,"Samy",23,A+,"Male",0.3,"Intern",7000
10,"Mehedi Hasan",30,A+,"Male",10.2,"Sr Software Engineer",70000
11,"Mominur Rahman",25,B+,"Male",2.6,"Jr Software Engineer",40000
12,"Imtiyaz Roni",32,B+,"Male",10.5,"Creative Designer",80000
13,"Tussamma Sal Sabil",32,B+,"Male",4.1,"Software Engineer",45000
14,"Sraboni",24,B+,"Female",0.3,"Intern",7000
15,"Rashed",24,B+,"Male",0.3,"Intern",7000
16,"Riad",27,"O+","Male",3.1,"Software Engineer",45000
17,"Fazle Rabbi Ador",25,"O+","Male",2.1,"Jr Software Engineer",35000
18,"Akash Sarkar",26,"O+","Male",2.3,"Jr Software Engineer",35000
19,"Annonymos",25,"B+","Male",0.2,"Jr Software Engineer",30000
20,"Annonymos",25,"B+","Male",0.2,"Jr Software Engineer",30000
21,"Fatin Nur Anik",25,"B+","Male",1.2,"Jr QA Engineer",30000
22,"Mahbub Ahmed",32,"B+","Male",10.2,"Sr QA Engineer",70000
23,"Hanif Al Mamun",22,"AB+","Male",1.2,"Executive Support",10000
24,"Masum Sharif",32,"AB+","Male",10.2,"Senior Executive Support",40000
25,"Sakib",32,"AB+","Male",5.2,"Network Engineer",60000
26,"Bipul Khan",32,"AB+","Male",13.2,"System Acrhitect",120000
27,"Shahab Al Yamin",44,"B+","Male",20.2,"Head Of Dept.",150000
28,"Nur Faizur Reza",35,"AB+","Male",8.2,"Sr Software Engineer",70000
29,"Sakib Lemon",27,"AB+","Male",2.2,"Jr Software Engineer",30000
30,"Harun Ur Rashid",29,"AB+","Male",3.2,"Software Engineer",45000
31,"Vubon Roy",29,"AB+","Male",3.5,"Software Engineer",50000
32,"Sharif Chowdhury",29,"AB+","Male",3.2,"Software Engineer",45000
33,"Shormistha Roy",28,"AB+","Female",4.2,"Software Engineer",60000
34,"Rimon",30,"AB+","Female",4.2,"Software Engineer",60000
35,"Nirjhor Atik",32,"AB+","Male",8.2,"Sr Software Engineer",70000
36,"Samiul Islam",35,"AB+","Male",12.2,"Project Manager",120000
37,"Ahmed Rubayet",35,"AB+","Male",12.2,"QA Manager",70000
38,"Towfik",30,"AB+","Male",6.3,"Sr QA Engineer",60000
39,"Masud",30,"AB+","Male",5.3,"Executive Support",25000
40,"Ajwaj Anwar",23,"B+","Male",0.3,"Intern",7000
41,"Mithun",23,"B+","Male",0.3,"Intern",7000
42,"Amir Khan",30,"B+","Male",5.6,"Sr Software Engineer",60000
43,"Rakib Khan",25,"B+","Male",1.2,"Jr Software Engineer",30000
44,"Tanjim",26,"B+","Male",1.2,"Jr QA Engineer",30000









